{"cameraMode":{"drawMode":0,"name":"Shaded","section":"Shading Mode"},"sceneLighting":true,"audioPlay":false,"sceneViewState":{"m_AlwaysRefresh":false,"showFog":true,"showSkybox":true,"showFlares":true,"showImageEffects":true,"showParticleSystems":true,"showVisualEffectGraphs":true,"m_FxEnabled":true},"in2DMode":false,"pivot":{"x":-0.3471202850341797,"y":0.24417352676391602,"z":0.19330978393554688},"rotation":{"x":-0.08627977222204209,"y":0.894302248954773,"z":-0.1965208649635315,"w":-0.39263102412223818},"size":5.01245641708374,"orthographic":false}