{"cameraMode":{"drawMode":0,"name":"Shaded","section":"Shading Mode"},"sceneLighting":true,"audioPlay":false,"sceneViewState":{"m_AlwaysRefresh":false,"showFog":true,"showSkybox":true,"showFlares":true,"showImageEffects":true,"showParticleSystems":true,"showVisualEffectGraphs":true,"m_FxEnabled":true},"in2DMode":false,"pivot":{"x":-5.6059441566467289,"y":3.6469037532806398,"z":2.0827298164367677},"rotation":{"x":0.014420019462704659,"y":-0.8782862424850464,"z":0.026654772460460664,"w":0.4772343635559082},"size":0.5411843061447144,"orthographic":false}