{"cameraMode":{"drawMode":0,"name":"Shaded","section":"Shading Mode"},"sceneLighting":true,"audioPlay":false,"sceneViewState":{"m_AlwaysRefresh":false,"showFog":true,"showSkybox":true,"showFlares":true,"showImageEffects":true,"showParticleSystems":true,"showVisualEffectGraphs":true,"m_FxEnabled":true},"in2DMode":false,"pivot":{"x":10.635066032409668,"y":-6.738048553466797,"z":6.5880513191223148},"rotation":{"x":0.25299540162086489,"y":0.6094814538955689,"z":-0.2140917181968689,"w":0.7202150225639343},"size":15.529693603515625,"orthographic":false}